month_end,Stock1,Stock10,Stock11,Stock14,Stock16,Stock18,Stock19,Stock20,Stock21,Stock22,Stock26,Stock3,Stock30,Stock31,Stock33,Stock34,Stock35,Stock38,Stock39,Stock4,Stock40,Stock41,Stock43,Stock44,Stock46,Stock47,Stock49,Stock5,Stock50,Stock54,Stock56,Stock59,Stock6,Stock61,Stock63,Stock64,Stock66,Stock69,Stock7,Stock70,Stock73,Stock75,Stock76,Stock77,Stock78,Stock79,Stock80,Stock81,Stock84,Stock85,Stock86,Stock87,Stock88,Stock9
1/31/2010,0.042603045,-0.076058549,-0.149741462,-0.031251129,-0.053032187,-0.11375184,-0.071671002,0.005430045,0.005714722,0.001398973,-0.110275431,-0.042151141,-0.021441829,0.065506783,-7.12E-07,-0.023709171,0.00384718,0.016903789,0.022158897,0.062630975,-0.089263575,-0.016526656,0.014352682,-0.091139543,-0.084240568,-0.062109267,0.047122585,-0.02516817,-0.027045151,0.018180778,-0.036912668,0.029412578,-0.006705813,0.023300676,-0.005519432,0.0434281,0.054216974,0.067154257,0.070989682,-0.050005966,0.024091545,-0.027523333,-0.083926338,-0.001266137,-0.028167732,0.01744506,-0.100000139,0.018013781,0.044749483,0.016823562,-0.111083632,-0.035228631,-0.033204025,0.030926598
2/28/2010,-0.015034492,-0.100304699,-0.023278854,0.002483513,0.07708823,0.010849302,0.022383214,0.095479929,0.067745433,0.08249288,0.053521517,-0.012306367,0.06281883,0.129300878,-0.04761977,0.064934206,0.055554761,-0.024664553,0.000368806,-0.005651024,-0.007028802,-0.016392861,0.084906732,0.003236468,0.053409974,-0.01848111,0.051282506,0.052325523,-0.048860151,-0.015625884,-0.017594544,-0.00590424,0.049513282,0.106925368,0.04151044,0.029703324,0.142857156,-0.012770194,0.07229785,-0.040972009,0.127462296,0.166038012,-0.01582868,0.028166441,0.082447602,-0.106195387,0.066668603,0.000556441,-0.01080013,0.006326452,-0.026404633,-0.013758854,0.095240671,-0.01000018
3/31/2010,0.11154521,0.097933434,0.121501312,0.064357434,0.107438884,0.017883305,0.000892168,0.032424933,0.01801162,0.031662921,0.005344515,0.028037712,0.055788317,-0.01815364,0.007499877,0.153045936,0.023394631,0.129483885,0.147656387,0.042043666,0.005985242,0.166664798,0.094783818,0.037703723,0.120420527,0.046024892,0.091464997,0.212474824,0.146284779,0.170068703,0.073699307,0.139108055,0.206577476,-0.206651238,0.073913225,0.006262609,-0.108133271,0.066443766,-0.019314026,-0.003621118,0.111411377,0.078303949,0.065460727,0.020544307,0.036356774,0.220049112,0.098956917,0.088888892,0.088629897,0.047296119,0.153527216,0.034416415,0.041794613,0.024809039
4/30/2010,-0.040490803,-0.034261534,-0.032847657,-0.030231804,0.022387608,0.085503567,-0.007159201,0.052762881,0.017920278,0.007673789,-0.010637433,0.026516051,0.031864394,-0.003116851,0.032258253,0.075620388,0.039823729,0.011382892,-0.001442056,0.029660513,0.120668344,-0.02796364,-0.011631853,0.070283136,0.049654663,0.014999384,0.005586994,0.013732352,-0.014953786,0.093023746,0.003437525,-0.009419164,0.043110486,-0.080596367,0.04419701,-0.08197856,0.136364256,0.022674525,0.086657532,0.047964896,0.0408347,0.017207382,0.094040567,0.028455067,0.040579244,0.004259312,-0.052132861,0.005099086,-0.016163696,0.012845488,-0.004702365,0.01978584,0.04204553,0.030303067
5/31/2010,-0.069359007,-0.073187598,0.004349155,0.010792047,-0.025548194,-0.001886713,-0.012533614,0.068973296,-0.026794314,-0.056696711,-0.018819406,-0.01106943,-0.004598629,-0.056085363,0.081729147,-0.030480596,-0.010638134,-0.048456373,-0.101921686,-0.067994365,0.052970866,-0.005826362,-0.100403685,0.091812627,-0.051495376,-0.053692665,0.017221447,0.07454561,-0.091461037,-0.068111044,-0.07049859,-0.096621128,-0.065448072,-0.068155718,0.05137459,-0.029339317,0,-0.079257895,-0.010001194,0.069206977,-0.012792906,0.021806185,-0.050135151,0.018664062,-0.025069158,-0.062220896,0.004331907,-0.023857121,-0.085645327,-0.041085257,-0.083320343,0.095238088,-0.124253324,-0.010783948
6/30/2010,0.05875314,0.031034296,-0.066859092,0.063324649,-0.028615714,0.020270336,-0.064384163,0.025666298,-0.031765191,-0.008262845,-0.056164366,-0.0373126,0.024422504,-0.039237416,0.024447422,0.215131196,0.003584137,-0.070985344,-0.039080101,-0.032670635,0.012073986,-0.098353082,-0.006749788,-0.03656985,-0.03914059,-0.072877725,0.048607527,-0.001692546,-0.060153687,0.042307926,-0.018513068,-0.024624288,0.013249115,-0.043000309,0.052542853,0.080183708,0.2499998,-0.030398286,0.059327898,0.055908601,0.034556339,-0.013428876,-0.052017084,0.041058627,0.001429308,-0.11942978,-0.137405904,-0.015495214,-0.050933711,-0.078892974,-0.075635196,-0.030098447,-0.07734342,0.000990786
7/31/2010,0.065177118,0.172240629,0.082986138,0.048616085,0.124351658,-0.019258651,0.157921306,0.128266645,0.094487861,0.062499969,0.045574722,0.069575957,0.069588297,0.1597265,-0.002170409,0.093128003,0.039286916,0.121260307,0.121491356,0.08012625,-0.111916157,0.12674992,0.096511368,-0.052507051,0.070958732,0.072433465,0.018746853,0.084233837,0.09716548,0.107011661,0.052439554,0.113731778,0.076588334,0.120833087,0.064804082,0.032448389,-0.080000991,0.108505139,0.103195917,-0.102580816,0.085179816,0.087264395,-0.035664329,0.071426724,0.0342375,0.105650581,0.196611835,0.056412119,0.119431435,0.086964867,0.090929596,0.05982847,0.059788567,0.05940607
8/31/2010,-0.00489707,-0.00285312,-0.012376491,-0.024828995,-2.75E-06,-0.0140843,0.030351677,-0.021590487,-0.069545156,0.06672747,0.054970259,-0.027206427,0.015059605,-0.057875459,-0.028515276,0.034882424,0.06589468,-0.045433597,-0.068558401,-0.001380923,0.075501064,0.038090949,-0.054216534,0.0851664,0.031901598,-0.015704294,-0.075129986,-0.042833018,-0.118943568,0.015000779,-0.028201574,-0.058709693,-0.078078031,-0.013593085,0.037345711,0.014468576,0.086956946,-0.079029939,-0.010938238,0.046680746,-0.053482687,0.004114446,-0.131579735,-0.016958832,-0.033656131,-0.048667466,-0.042507507,0.007753325,-0.077422957,0.028003699,-0.090952527,-0.00500036,-0.098040871,0.046729895
9/30/2010,0.204528087,0.026609193,0.081925575,-0.026137561,0.168871413,0.145834192,0.058256454,0.113360922,0.129724728,0.013767049,0.144738581,0.046106986,0.055995475,0.082501297,-0.023257104,0.116028793,0.043333211,0.110190389,0.072883477,0.048962788,0.021968258,0.066508714,0.069513233,-0.003773284,0.117716323,0.092020546,0.062184191,0.219393225,0.049953386,0.216747645,0.114046713,0.056956325,0.055798618,-0.000729217,0.178669432,0.050019395,-0.001945442,0.07613904,0.111167655,0.026511611,0.128355003,0.215005712,0.082719643,0.105294528,0.116757656,0.093202079,0.153206499,0.098756377,0.087220041,0.097895,0.068866693,0.122548731,0.10166639,0.062622966
10/31/2010,0.023814857,-0.032328726,-0.021656795,0.06548101,0.024581929,-0.059480296,4.88E-07,0.157454939,-0.001521734,0.008643602,0.047488403,0.05274568,0.011662431,0.096630138,0.152381589,-0.021413146,0.007986474,-0.019500126,-0.03060386,-0.009387053,0.009709844,-0.111669132,0.096344472,0.038068731,0.00216637,0.071604884,0.039028982,-0.036131087,0.100000038,-0.035086602,0.032513954,-0.015019354,0.030487425,-0.02295396,0.033936262,0.004083194,0.040815164,-0.069368471,0.000706473,0.028208081,0.015163971,-0.014145649,0.048409006,0.025295809,0.018553503,0.121795774,0.079284751,-0.003668412,0.014849572,0.01542678,0.143053659,-0.028158962,0.063751793,0.026316297
11/30/2010,0.11171773,-0.004608197,-0.113134566,0.021066047,0.041982855,-0.03037904,-0.038888294,0.008640157,-0.011421207,-0.031498099,-0.072726883,0.00617766,0.008647691,-0.001759143,0.03565476,0.02436806,0.023769653,-0.027172945,-0.028620107,-0.012882777,0.00575956,-0.04976433,-0.045453791,0.055100873,-0.005347406,0.015353083,0.120812857,-0.017268972,0.022321324,0.012665947,-0.000348054,-0.013990582,-0.036687086,-0.067124296,-0.04923407,-0.027333284,-3.59E-07,-0.012292036,-0.025549282,-0.015581748,-0.037519584,0.043328508,-0.045453684,0.061940461,-0.013173106,0.142855024,-0.037570433,-0.046097056,-0.051399927,0.00930082,-0.042561913,0.014232766,0.044544499,-0.034188442
12/31/2010,0.00826842,-0.016201054,0.043646882,0.037044568,0.015801232,0.08230937,0.10999147,0.047699841,0.075500543,0.030968506,0.060048964,0.049797516,0.047427664,0.068463213,-0.004117319,0.155552283,0.004643076,0.127391933,0.019193356,0.044389082,-0.004476295,0.046988805,0.081269945,0.042710604,-0.01064527,0.138474643,0.040307706,0.047856445,0.150875978,0.09444573,0.098256392,0.014528078,0.020883187,0.055562746,-0.002532225,-0.005806162,0.058823154,0.054101607,0.032748216,0.05129833,0.019683443,-0.004860354,0.049329364,-0.011252202,0.011806846,0.116667614,0.09590333,0.089515338,0.08527119,0.039317959,0.106489402,0.15007524,0.125516446,1.14E-06
1/31/2011,2.00E-06,0.066469623,-0.225789265,-0.115703529,-0.103142479,-0.074209947,-0.084957652,-0.144960468,-0.025787725,-0.04630984,-0.120922588,-0.044000661,-0.061103419,0.060660991,-0.053719767,-0.085824646,-0.035439958,-0.001027064,-0.037213752,-0.015812379,-0.062801442,-0.023782462,0.053286596,-0.064344066,-0.074014127,-0.049795801,0.026670029,-0.026245229,-0.124828166,-0.030456087,0.002368291,-0.011660467,-0.01323684,0.035091042,-0.067784977,0.018263728,2.88E-07,-0.021662468,-0.105872983,-0.060240043,-0.127691562,-0.109700552,0.012776247,-0.071377383,-0.044393856,0.043544386,-0.038535477,-0.021793168,-0.049997882,-0.020733134,0.013410986,-0.084727767,0.001900678,-0.013274187
2/28/2011,0.0210114,0.019305087,-0.19614118,0.085045527,-0.011950295,0.007674283,-0.000813587,0.054345129,-0.005515208,-0.015692893,-0.037875283,0.009688823,-0.013944381,0.04606384,-0.017466946,0.039279296,-0.023888365,0.005132632,0.004252199,-0.019354299,0.108105018,0.004324569,0.062368939,0.105901529,-0.043426551,0.063574357,-0.017832372,0.008049844,0.007946611,0.130890462,0.097579764,-0.007374312,-0.009147447,0.099634662,-0.029005588,0.070933011,-0.018517641,-0.051035886,0.081929836,0.041409407,0.136173203,-0.000469877,-0.036985329,0.046031173,0.048578351,0.042268109,0.072250411,0.022376146,-0.0244344,0.01635151,0.084578122,0.069999198,0.003326355,-0.004484474
3/31/2011,-0.005771148,-0.030031818,0.061600249,-0.009045714,0.077794192,0.043724074,0.140788081,0.021684716,0.020334167,0.020408496,-0.024876707,-0.006168529,0.058315825,0.064558822,-0.166667284,0.056538757,0.019019468,0.045034697,-0.027621175,-0.040515455,-0.041830292,0.10751069,0.08533795,-0.045316185,-0.030672809,0.017771614,-0.028341926,-0.008192462,-0.040387385,-0.099537751,0.027612597,-0.025998662,0.064484867,-0.001885691,0.105454608,0.015812958,0.099529892,0.041559501,0.086425246,0.222330783,0.066482206,0.127124856,0.039710536,0.000105402,-0.024539437,0.033908146,-0.089884513,-0.005717069,0.070827674,-0.032483676,-0.05963824,0.059814656,0.055870994,0.032889648
4/30/2011,0.069660628,-0.001396801,-0.050488023,-0.076271913,0.070288621,0.033785741,0.068978339,0.097144904,0.062988894,0.044001555,-0.022428414,-0.020691444,0.053787263,0.004226283,-0.002666074,0.036903052,0.037667914,0.027860471,0.005682588,0.099936729,0.025515913,0.052713039,0.091177573,-0.009876461,0.025317898,0.003967527,0.023244681,0.026957281,0.047460894,0.121851702,-0.02410929,0.014681856,0.021021395,-0.002222406,0.031486142,0.044502781,0.073683199,0.014033608,-0.002603382,-0.001410373,0.071554824,0.077588793,-0.04304214,0.026316356,-0.006297549,-0.002677587,0.085164758,0.023089587,-0.003664606,0.018971021,-0.017768719,0.011588263,-0.042153048,-0.004566003
5/31/2011,0.051909307,0.017597622,0.115475958,0.020939452,-0.03863264,-0.048366233,-0.008494444,-0.047471353,-0.01207368,0.014588774,0.025234732,0.007042969,-0.006584669,-0.033665734,-0.034827382,0.084960476,0.001928053,-0.007745011,0.079473572,-0.014231425,-0.056436296,0.021814646,-0.089628804,-0.036492666,0.077158409,-0.041896989,-0.011136156,-0.010000652,-0.078183976,0.147666812,-0.043906973,0.071026799,0.036470026,-0.089086077,-0.025060082,0.065214285,1.47E-07,-0.005145633,-0.037680845,-0.044376741,-0.007011819,-0.046992156,-0.023989481,-0.049639683,0.039612644,-0.025502332,0.022150907,-0.009484051,0.009636326,0.020992848,-0.011578464,0.039849806,-0.043070601,-0.010090758
6/30/2011,-0.01144068,-0.052978398,0.067235908,-0.019587005,0.012741494,0.010987086,-0.005873043,0.094920287,-0.009346131,0.008995924,0.001399163,0.048953143,0.011602053,0.043420063,-0.026485858,-0.031514384,0.006730545,-0.031708947,-0.026693993,0.056017081,-0.090765654,-0.019605622,0.10507633,-0.122214843,-0.03725193,-0.051568502,0.02026988,-0.019360203,-0.036029829,-0.032289982,-0.017606639,-0.036840889,-0.035755609,-0.034351464,-0.004001051,-0.035101577,0.062091167,-0.024683512,0.022089873,-0.050660656,0.000337217,0.012293111,-0.035327237,-0.010620459,-0.02082923,-0.043934429,-0.053995542,-0.010637694,-0.017851909,-0.02689745,-0.019471151,0.039720611,-0.077790525,0.042631566
7/31/2011,-0.013842115,-0.116230997,0.026666607,-0.012290906,0.020709348,0.009755099,0.006949503,0.080643712,-0.018867099,0.03057249,-0.000558327,-0.018749194,0.004914319,0.054174924,0.058041045,0.001104983,0.04936327,-0.029219843,-0.014766004,0.029620125,-0.015762907,-0.040954115,0.008573866,0.044461153,-0.008212024,0.016093712,-0.006268548,0.034335031,-0.059225243,-0.030240352,-0.05640837,-0.02043162,0.000588879,-0.128875704,-0.053253739,0.052249959,0.046153694,-0.026207525,0.021709396,0.008895394,0.060840137,-0.012415774,-0.08758105,0.019503706,0.01712159,-0.06386061,-0.062183062,-0.00815535,-0.024554553,0.042457085,-0.044319802,0.013221144,0.002706102,0.048000862
8/31/2011,-0.067650166,-0.117743501,-0.097077591,-0.076603419,0.082032853,0.001679251,-0.004553628,0.000679552,0.011466308,0.025955973,-0.04974897,-0.068967005,0.040763092,-0.006020925,0.014857133,0.040012599,0.024604439,0.0492979,-0.076153334,0.004130178,0.134919474,0.012455829,0.045166653,0.139259068,0.014285823,-0.011129303,-0.06405268,0.098203861,0.048775579,-0.019356064,0.007742608,-0.065694677,-0.015294726,-0.090582352,0.042498997,0.017038513,0.176472656,0.025167996,0.059130601,0.046718844,0.154945071,0.071427141,0.03129699,0.035108674,-0.024482901,-0.038757909,0.021805156,0.029091204,0.084406332,6.46E-05,-0.081510179,0.062778091,0.004974735,0.026291929
9/30/2011,-0.10136442,-0.113383548,-0.065083428,-0.035667486,-0.107046171,-0.105308217,-0.063154083,-0.087593088,-0.010966678,-0.036145057,0.014999982,-0.03333405,-0.03821202,-0.11890756,-0.009008639,0.018838821,-0.001834485,-0.030662598,-0.113519049,0.028452982,0.065723728,-0.020230565,-0.079102506,0.067180778,0.079883457,-0.02597361,0.005782924,-0.118975811,-0.062594243,0.019738877,-0.010870274,-0.115907141,0.014337836,-0.042096486,-0.09736315,0.098109632,0.20286322,-0.056519166,0.045637122,0.010049689,-0.016155045,-0.074799146,-0.053799407,0.011131566,0.035031193,-0.026291862,-0.033694308,-0.02782534,-0.036920922,-0.030016405,-0.057831522,-0.000442173,-0.064503873,0.03066898
10/31/2011,0.267685891,-0.02306265,-0.069232238,0.08903999,0.179228716,-0.043396864,0.045433399,0.135384037,0.096117296,0.006247562,0.120966037,0.065135143,0.040021053,0.105674287,0.079545924,-0.052083801,0.039876589,0.065996699,0.102716688,0.089096337,0.05783229,0.031153818,0.052785563,0.0988294,0.055953355,0.057777616,0.044559675,0.144917717,0.116956165,0.071184534,0.100750983,0.107034902,0.042931681,0.135714092,0.106534893,0.074214398,0.014798177,0.053994034,0.0247581,0.0960696,0.153998373,0.137589083,0.036915191,0.007371749,0.060822548,0.103196928,0.082685571,0.088135553,0.062973005,0.056110591,0.080794982,-0.005089305,0.057176857,0.012553002
11/30/2011,-0.031508157,0.053647833,0.037190909,0.096100815,0.059515242,-0.053525085,0.049524728,0.047120948,0.011129082,-0.003118765,-0.045553956,-0.061149022,-0.003251131,0.076293009,-6.46E-07,0.018034802,-0.006786503,0.01570378,-0.025850911,0.071136834,0.074863086,0.016877781,0.00161578,-0.005027325,0.023306366,0.026375038,0.009173814,0.039044997,-0.064589511,-0.03531763,0.08701544,-0.037681335,-0.018179379,-0.08806629,0.068427307,0.025014509,0.124998567,0.00818036,0.173415559,0.094346345,0.000989838,-0.011598198,-0.040823327,0.18587156,0.027950569,0.087086438,-0.04115891,0.03084355,0.004902666,-0.004175746,0.04464435,0.046080379,-0.018701624,0.004131521
12/31/2011,-0.07885313,-0.030550102,0.021912125,0.07488509,0.007446896,0.001722872,-0.011351222,0.00884907,-0.037690989,0.012584681,-0.068057748,0.030650673,0.008701188,-0.015749356,0.050001089,-0.032610764,0.032076164,0.034412864,-0.051351021,0.024086717,-0.106659052,0.011299143,-0.065574324,-0.087244744,-0.008106192,-0.027095008,0.029546007,0.024306311,-0.024825828,-0.016737018,-0.009329633,-0.064538083,0.021503365,0.114937557,0.038879389,0.017214684,-0.009259378,0.001520873,-0.002050953,-0.169362287,-0.035370644,-0.0683734,-0.034482478,-0.034756901,0.019690406,0.037705411,-0.030630602,-0.027704321,-0.017421161,-0.016768503,-0.046697949,-0.0262584,-0.0499482,0.012346126
1/31/2012,0.087564631,0.08403445,0.044833677,-0.021459471,0.034766516,0.015490034,-0.073263083,0.080827589,0.046102355,0.031081876,0.053637802,0.032616924,0.072776085,0.072499642,0.002504831,0.023878573,0.084892875,0.087271909,0.086908974,0.02507887,0.045429576,0.079794994,0.148748963,0.035313107,0.0313391,0.087903343,0.030319121,0.0413577,0.025932923,-4.57E-07,0.035019494,0.092831961,0.061403542,-0.005685436,-0.122727476,-0.056036971,4.78E-07,0.085163116,-0.045374592,0.001158021,0.076923141,0.059038878,0.04135383,0.019889802,0.045974666,0.180960539,0.10926,0.072331711,0.051417045,0.084237787,0.097971988,0.08258541,0.077897314,0.093494583
2/29/2012,0.040821882,0.022869715,0.082088014,-0.055483643,0.087996519,-0.124068382,0.015764996,0.034435445,0.022529757,0.028832941,0.041126959,0.013264333,0.032662352,0.064352814,0.055999723,0.015088083,0.007132239,0.059866187,0.028390791,0.033688456,-0.09264553,0.025803824,0.093323001,-0.079067795,0.089657964,0.073999295,0.042036183,-0.000567374,-0.026734332,1.93E-06,0.002130075,0.051612732,0.051239352,-0.043848644,0.105794412,0.044254087,0.065420738,0.031729135,0.045993021,0.040899195,0.074284726,0.033498877,0.06870043,0.040633798,0.075166348,0.018733339,0.06416843,0.046539806,0.075886629,0.047485979,-0.004309356,0.074206309,0.036240568,-0.011152773
3/31/2012,0.030336835,0.076167433,0.077499838,0.009984938,0.046362802,-0.071208891,0.032578975,0.057386297,0.075177467,0.016561274,0.079834297,0.034907659,0.005886421,-0.040143186,-0.014678285,0.124773455,0.048980717,0.009811274,-0.042633262,0.033320484,-0.127449829,0.042276935,-0.037527867,-0.098058278,0.09084388,0.024207022,-0.014861387,-0.065634819,-0.08827065,0.044077144,-0.073401222,-0.040492078,-0.048464992,-0.141718026,0.018905736,0.052617351,0.016333246,0.032990089,0.009559936,-0.154012651,0.067152752,-0.000866646,-0.094777926,0.004338177,0.040049782,0.120979729,0.033772543,0.001728601,0.00279863,0.027058462,-0.108618223,0.044929108,-0.049058744,0.024760575
4/30/2012,0.011567054,-0.00809776,0.017439263,0.035170926,0.041235632,-0.009168244,0.006443409,0.115114647,0.046851646,0.033836091,0.017141341,-0.012649967,0.050001203,0.04457675,0.170113105,0.0829267,0.019455259,0.066247558,-0.05364643,0.058771543,-0.063105091,0.033413418,0.044767891,-0.058096041,0.060579664,0.031272893,-0.032325935,0.031863212,0.001322002,0.218555777,0.012467317,-0.05029644,-0.011293287,0.054323723,0.045830644,0.027750276,0.008772645,0.030442911,-0.013582724,-0.092937135,0.024964224,0.049024203,-0.056180309,0.05010829,0.022435026,-0.01980463,0.086890397,-0.002994632,0.02564148,0.038604868,0.052260706,-0.000462717,-0.003469852,0.003816653
5/31/2012,0.016840831,-0.025557366,-0.062609297,0.003552893,-0.075787159,-0.036584356,-0.010522067,-0.009506566,0.00029841,0.03245207,-0.031689603,0.08256145,-0.014285163,-0.044585688,0.013960799,0.016619276,0.011195078,0.018994438,-0.014118215,-0.152632883,0.169887289,-0.026611887,-0.086132946,0.154599316,-0.0646754,-0.085684927,0.024499035,-0.021841354,-0.114341109,-0.026056747,-0.022306611,-0.019748159,-0.046831868,-0.109321505,0.000213972,0.008195658,0.043478122,-0.006534598,0.025446566,0.117264892,0.002879487,-0.009276971,-0.055314801,-0.09658541,-0.034563554,-0.136838008,-0.041751484,0.002050277,-0.062498644,-0.026652649,-0.140666857,-0.061055413,-0.070718192,-0.011407909
6/30/2012,-0.083214464,7.91E-07,-0.077987039,-0.004377271,0.075533515,-0.171105175,0.048043679,0.096038271,0.068760385,0.045120695,-0.070131467,0.051938673,0.111108608,0.044914606,0.052249796,-0.05844383,0.082034048,0.024855632,0.091134558,0.026256065,-0.09562475,0.054071054,0.004758225,-0.090548401,0.07042694,-0.049364434,0.086955948,0.032670901,0.009329191,0.026926479,-0.051919246,0.094321533,0.078490977,-0.002857361,0.15840115,0.048653296,0.035001141,-0.030348927,0.093239856,-0.094781078,0.030564594,0.088654382,0.018208591,0.049487224,0.045855246,-0.032769987,-0.030966697,0.054633608,-0.058664477,0.017043183,0.052366162,-0.041004361,-0.012958732,0.033077332
7/31/2012,0.039027778,-0.094716974,-0.046945572,-0.035991933,0.136386107,-0.054241098,0.05719408,0.101146487,-0.005312656,0.073512771,0.005585206,0.028956287,0.104780468,-0.061030366,0.088144461,0.025883043,0.096279755,0.047366647,0.054730065,0.086859673,0.013977565,0.038702596,-0.112801172,0.03167841,0.153360716,-0.002028356,0.057550814,0.028911224,-0.038814649,0.150398542,0.006218509,0.048054728,0.033333303,-0.14694692,0.01618566,0.043420989,0.046697914,0.031387516,0.078180515,0.08013158,0.07085947,0.153931864,-0.123332418,0.053764456,0.038461302,0.030860357,0.034279075,0.071486149,-0.044616431,0.090385802,-0.092370009,0.033367477,-0.06180189,0.095310795
8/31/2012,0.116119875,-0.054328857,-0.073884729,0.049855475,-0.052631781,0.069599102,0.075503098,0.104348917,0.039932077,0.043479472,-0.14527584,0.079434052,0.079495642,-0.033536373,0.017313127,-0.07238547,0.070505791,-0.006871741,0.031375082,0.03992302,-0.067395773,0.024250298,-0.112670891,-0.057028267,-0.011299824,0.067884477,0.040385628,-0.020267345,0.023077468,-0.043969789,0.052825131,0.040898818,0.046237008,-0.091724985,0.052728443,0.028978565,0.032307248,-0.026400237,0.040258831,-0.174150532,0.115242943,-0.077926803,-0.014259606,0.034655258,0.068146993,-0.149700446,0.08690828,0.021363615,0.054484552,0.027967502,-0.0328478,0.114377083,-0.056241552,0.019715677
9/30/2012,-0.029065204,0.006807236,0.013754121,0.004727396,-0.062888287,-0.08381055,0.020447234,-0.074285306,0.01595529,-0.026042872,0.016900072,0.02110588,-0.068179343,0.047752011,0.031578367,0.107704794,-0.025382343,0.016030448,0.002943943,-0.013650125,0.112330374,0.007718866,0.097560326,0.072566899,-0.003553332,-0.007233663,0.057300068,-0.010411108,0.049422324,0.038300474,0.026355586,0.007466295,0.088900287,0.009854776,0.006609536,-0.047716893,0.058689155,-0.029347806,0.008459013,0.030446773,0.035379804,0.00331124,0.021627494,0.033089489,-0.037794525,0.01267643,0.060223843,0.009382664,-0.004358115,0.026807139,0.037793086,-0.045616009,0.140149064,-0.018267312
10/31/2012,0.129643189,0.03677173,0.015376564,-0.049954989,-0.004899901,0.03693558,-0.024155146,0.063181377,0.030871605,-0.03743051,0.008047146,0.005588507,-0.050662289,0.077706248,0.159864128,-0.112494732,-0.049792868,0.055017164,-0.001958956,0.009081597,-0.013508612,-0.021801016,0.078040806,0.002809652,0.117110265,0.117330256,0.010490032,0.044872406,0.12230654,-0.058797751,0.025114234,-0.007412093,0.05615513,-0.185365434,0.032824158,0.022840593,-0.021427524,0.014010494,0.059165602,0.017041344,0.075835312,0.00425523,-0.058411077,-0.048827193,0.010137871,-0.022949355,0.093091238,0.022375088,0.005053644,0.004613217,0.094211459,0.070518398,0.113635416,-0.014083997
11/30/2012,0.216092336,0.17896288,-0.044545422,-0.047629309,0.01676181,-0.15342353,0.046628005,-0.007091684,0.056029438,0.099869946,-0.130251421,-0.017222892,0.037696923,0.003690084,0.035190134,-0.005235759,0.087480543,0.009381821,0.071568529,0.086719956,-0.034274298,0.001840658,-0.109796266,0.029517193,-0.009683467,-0.027935786,0.067472647,0.056364632,-0.072756558,0.004745824,0.012569457,0.066995256,-0.004769526,-0.071857855,0.053865867,0.072008442,0.021897472,-0.018299275,0.076837117,-0.015207067,0.083947666,0.008473685,-0.029155131,0.024641804,0.005222487,0.03615576,-0.024712686,0.020107025,0.018534947,0.013820046,-0.070076827,0.121042513,-0.01817968,0.011428885
12/31/2012,-0.033009752,0.068465174,0.153846844,0.105350748,0.118010936,0.087379175,0.085375447,0.062617716,0.094620537,-0.016735947,0.139354962,0.11079611,-3.87E-07,0.04573534,0.040794705,-0.036842723,0.04334599,0.067127242,0.097909149,0.085975208,-0.056601802,0.048346713,0.094208745,-0.058617161,0.080079376,0.001459898,0.032414817,0.037183075,0.159352109,-0.04409413,-0.031628393,0.095967928,0.06229153,0.161289417,0.03031864,-0.080401907,0.028571802,0.130574281,0.065105428,0.058051882,0.001552314,0.141493141,0.140777843,0.080775839,0.114317168,0.202087875,-0.010564099,0.064240423,0.156720777,0.02707181,0.042699567,0.042018504,0.065655591,0.034604888
1/31/2013,0.114286237,0.011974927,0.028283363,0.022927178,-0.167957205,-0.009524116,-0.014075542,-0.119285053,0.017199468,0.020212646,0.01924405,0.01464437,0.028163479,0.058536106,-0.129014217,0.049181823,-0.024152684,0.040322495,0.098471283,-0.078861924,-0.050851246,0.035959903,0.041540028,9.91E-05,-0.02467683,-0.010207689,0.012421108,-0.042337102,-0.031663337,0.003296917,0.067445718,0.119684887,0.048714358,-0.026389098,-0.058506371,0.083929198,0.062499922,-0.018589574,-0.176038391,-0.204999675,-0.104224047,-0.065796568,-0.018663641,-0.107773983,0.065121959,-0.023598924,0.065590767,0.025819218,0.045732565,-0.00761022,0.036288396,0.006209348,0.061084264,0.04778174
2/28/2013,-0.029015625,-0.088582326,-0.017289244,-0.016259854,-0.085901056,-0.086539517,0.002798106,-0.060744003,-0.005709503,0.025027065,0.049600964,0.020406467,0.085749196,-0.056212984,0.01125034,-0.020833967,0.035607756,-0.043410358,-0.008981608,0.030560803,-0.114819571,-0.010627441,-0.023692519,-0.159752345,-0.010011738,-0.039779181,-0.02293763,0.019181966,-0.14403589,0.005910423,-0.008781492,-0.002907243,-0.038708575,-0.174034997,-0.012500669,0.002000252,-0.006537009,-0.001541268,0.020177447,-0.035695011,0.016351867,-0.083431848,-0.029679242,-0.071744103,0.13375439,0.098810543,0.006892787,0.040962779,-0.052476152,0.113493456,-0.032341946,-0.04504306,-0.051314935,-0.009773584
3/31/2013,0.007366717,0.00771966,-0.060774995,-0.049141627,0.053712919,-0.013156749,-0.051892313,0.010189047,0.041960516,0.007121742,-0.016157473,-0.008498694,0.012612849,-0.114827273,0.075402391,0.139254935,0.06967623,0.06170547,0.003906709,-0.031300542,-0.02198288,0.010172965,-0.049752439,-0.070711526,0.170426073,-0.040660351,0.046623921,0.035292904,-0.02187504,0.025139084,0.06114064,-0.011977934,0.06207539,-0.017616177,-0.021263921,0.09377273,0.051944205,0.016309138,0.070927614,0.05131169,0.106433757,-0.010087773,-0.100799565,0.040934072,0.049990835,0.038352682,-0.017106354,0.077352709,-0.023446329,0.03171327,-0.063222163,-0.077634442,-0.009625855,0.007368217
4/30/2013,-0.006484415,-0.059890347,-0.064708503,-0.001646381,0.019504275,-0.146666657,0.001854996,0.102486113,0.021714016,0.09090833,-0.085838889,0.028745812,0.09424865,-0.037989265,0.05344874,0.039661504,0.088075253,-0.031677074,0.001711127,-0.050648453,-0.221723091,0.000576419,-0.129544141,-0.091466756,0.02046889,-0.042383175,0.027414509,-0.02233751,-0.096901651,0.050955237,-0.033824336,-0.014768579,-0.014206107,-0.191630021,-0.013622139,0.002805249,0.075062297,-0.032247031,-0.069529153,-0.26916027,-0.009347661,-0.0108687,-0.109299244,0.042492016,0.044734577,-0.019199326,0.048267901,-0.003501964,-0.047162186,-0.037134224,-0.090242151,-0.04267373,-0.065709725,0.047459235
5/31/2013,0.252461435,-0.055556016,0.037322364,-0.040000043,-0.080435273,0.16406276,0.129929706,-0.006665599,0.030658554,-0.061714506,-0.013562441,0.147059396,-0.13902865,0.09449213,-0.045551751,-0.153402877,-0.151768382,-0.053881754,0.118532398,0.10837947,0.090960922,-0.047052165,0.126837955,-0.038045535,0.064649928,0.064716926,0.058521289,0.054086459,-0.134409585,-0.036884462,0.167934556,0.121333356,0.041048235,0.261417137,0.044931552,0.118750177,-0.00828394,-0.002140797,0.036039419,-0.032636435,0.037604894,-0.024555381,-0.033460754,0.021690976,-0.009052697,-0.077445696,0.240847555,0.093438896,0.011779845,0.111845331,0.080001829,0.065013356,0.017640049,-0.080905738
6/30/2013,-0.023948637,-0.043138327,0.102674979,-0.011361678,-0.066192546,0.11409713,0.006564617,0.073938057,-0.029536737,0.066057268,0.027488924,-0.015382825,0.039384744,-0.110811202,0.183194142,0.04330251,0.068387201,-0.01932146,-0.111249819,-0.032918432,-0.231090018,-0.033795656,-0.081977729,-0.173664699,0.094310268,-0.03843272,-0.059010291,-0.085483649,-0.122642738,0.102388138,-0.047287277,-0.113129853,-0.070051092,0.103450775,-0.063231808,-0.077662438,0.014318426,-0.00339707,0.052660742,-0.144533024,-0.112443864,-0.000576385,-0.103343859,0.00637002,0.037777011,-0.049386976,-0.020304895,-0.040074837,-0.006222972,-0.055922457,-0.184205283,-0.023381325,-0.168000769,0.0352117
7/31/2013,0.095080737,0.07991743,-0.053721535,-0.046441671,0.045610248,0.167470466,0.006790597,-0.044543291,0.033260775,-0.063871055,-0.020403021,0.027365413,-0.057974938,-0.049132455,0.019719632,-0.066684173,-0.037960989,0.025232264,0.061418708,0.040892397,-0.083298061,0.012648536,0.048977101,0.152256962,-0.036067531,0.068515237,-0.016745845,-0.065810743,0.043009878,-0.076988702,0.053274171,0.066492245,-0.03021996,0.044999811,0.034607163,0.04107712,0.088236134,-0.008701383,-0.100485579,0.01398718,0.044247601,-0.038181928,0.187832322,-0.043504245,0.061741649,0.006259169,0.131370442,-0.005001912,-0.037372512,-0.00391858,0.1128464,0.111311445,0.085069507,-0.003403099
8/31/2013,0.007675178,-0.071346734,0.089152682,0.013499747,-0.04343945,0.181633313,0.014033584,-0.027040461,-0.031559894,-0.067210812,-0.069990677,-0.007692612,-0.044651499,0.073981617,-0.039381327,0.027035889,-0.025711383,0.013825161,-0.000753392,-0.081915064,0.091021445,0.060590604,0.063387901,-0.078462046,0.078171322,0.120611553,-0.059561311,-0.05964016,0.170102139,0.084504813,0.06006239,-0.00350001,-0.043254897,-0.019137919,-0.044775392,-0.013289497,-0.027026898,0.036105281,-0.034161739,0.066207582,0.01412439,-0.019249374,0.16934305,0.004183058,-0.051763118,0.070112511,0.027205186,-0.010582037,-0.041624045,0.036025199,0.117738729,-0.005570125,0.158891422,0.010237827
9/30/2013,0.050318906,0.03187403,0.061778711,0.086705945,0.08136921,0.066810999,0.064676006,0.11044763,0.018032767,0.064410895,-0.104259144,0.033592602,0.070576602,0.031112266,0.06211115,0.086485168,0.096325791,0.114066241,-0.007075115,0.057785709,-0.039858059,0.106522266,0.027419436,-0.145055287,0.113393298,0.217643003,0.040332301,0.077102192,0.096735367,0.178499145,-0.006019273,-0.005952062,0.223144508,0.077743853,-0.00145927,0.030311743,-0.015712146,0.068571591,0.040025908,-0.103492284,0.109722037,0.117690342,0.064526469,0.051628118,-0.041948241,0.086827222,0.098864789,0.037431231,0.10305462,0.011191021,0.046665994,0.072291926,0.073729525,0.007839019
10/31/2013,0.01119499,0.170690981,0.114184652,0.140109654,0.110992309,0.074497553,0.018058817,0.137504838,0.149806211,0.056408322,0.209017514,0.038332504,0.034482818,-0.094332151,0.143861071,0.075033516,0.02382649,0.100312921,0.079580487,-0.016483954,0.135991562,0.0660135,-0.06382985,0.021914545,0.06997489,0.085595667,0.063763234,-0.042351719,-0.015096357,0.010165218,0.100238163,0.071727876,0.010246289,0.11909459,0.142464155,0.034177872,0.034483357,0.063732159,0.111244589,0.000866565,0.017656352,0.066666604,-0.068913409,0.060227606,0.056825459,-0.056408101,0.011373037,0.053607953,0.051492716,0.063605419,-0.03415947,-0.075933912,-0.024059332,0.034145967
11/30/2013,0.023708634,0.042283834,-0.063318581,0.041316154,-0.122048711,0.020954027,-0.006313609,-0.020043681,-0.0428711,-0.029159958,0.00034012,-0.005617046,-0.057253802,-0.053137612,0.106953084,-0.070093836,-0.021635154,-0.060831918,-0.000279913,-0.033619007,-0.112507263,-0.033485986,-0.088897286,-0.135456242,-0.060255821,0.062067778,0.182227561,-0.108074352,-0.030737867,-0.053947915,-0.017155853,0.029808251,0.053550571,0.034125772,0.030536168,-0.021246281,-1.24E-06,-0.053874083,-0.027097812,-0.149941699,-0.019736393,-0.156146,-0.007705575,0.011672814,-0.041294748,0.053111367,0.036081231,-0.038355804,-0.077845541,-0.042620707,-0.048977894,0.093481742,-0.025170564,-0.026280996
12/31/2013,0.000863238,0.06296801,-0.06585528,0.055725521,-0.033078212,0.044775371,0.094513698,0.067690639,0.032383844,0.009325703,-0.1040314,0.050041002,0.009982712,0.114474367,-0.031223053,0.046583839,0.031407405,0.061520181,0.065928206,-0.061064601,-0.092972581,-0.003323801,0.043831748,-0.19228805,0.023189262,0.116525215,0.044587815,-0.094707772,0.04016778,0.103812031,0.02063018,0.072081359,-0.025798018,-0.088242449,-0.025907453,0.03301171,0.016666573,0.072689963,-0.082877692,-0.121438441,0.00864779,-0.052463228,-0.022556296,0.036264782,0.036938351,0.055180163,0.126563287,0.068208839,-0.02757315,0.047015806,0.011437048,0.091775942,0.008374416,0.017300904
1/31/2014,-0.011286568,0.050992837,-0.074968855,-0.125961239,-0.031854744,0.080356328,-0.08999325,-0.161961796,-0.1042426,-0.091376122,-0.116868226,-0.129538462,-0.095964408,0.011703975,-0.084479757,-0.094923891,-0.05946069,-0.132906892,-0.044159774,0.0178034,0.324116078,-0.082331281,0.023213554,0.193367899,-0.066724901,0.014846165,-0.132818431,-0.070382984,-0.061462351,-0.072345323,0.036500667,-0.052136348,-0.068774662,0.02278719,-0.077019884,-0.046935561,0.196723027,-0.096355531,-0.129876506,0.25752992,-0.189551088,-0.048983296,0.123886427,-0.089173002,-0.112426159,0.0640754,0.036187184,-0.107499405,-0.017013122,-0.079113388,0.133493075,-0.117441881,0.156402225,-0.039454682
2/28/2014,0.026210189,0.000871209,0.008064475,-0.006821842,-0.034521149,0.030413472,-0.002988729,0.088618361,0.109247168,0.066667329,-0.049250152,0.013484596,0.070615745,-0.00677494,-0.028327976,-0.025197997,0.065634044,0.098009383,0.112201992,-0.081050876,0.170741124,0.094907938,-0.045642837,0.042294512,0.088562077,0.133185863,0.066589888,0.005378846,-0.012474207,0.119747826,0.0239831,0.10582304,-0.028436577,0.054257097,-0.009863122,0.089560091,-0.086758509,0.053526987,-0.012754217,0.06662679,0.05586899,-0.058903379,0.037924539,-0.052919231,0.059201441,0.030960154,0.143624143,0.002210537,0.019921096,0.026425401,0.049698687,0.01874352,0.00201625,0.019121768
3/31/2014,-0.048345651,0.074020356,-0.016398041,0.14311165,0.197206,0.079563803,0.129399563,0.053758096,0.087710932,0.011652427,0.020720521,0.035033152,0.073506756,-0.108335939,0.140620933,0.058503006,0.052590899,0.080116448,0.071211393,0.113852718,-0.040147319,0.08573335,-0.021116071,-0.00398736,0.030404763,-0.017339124,-0.028379767,0.156095538,0.052633371,0.042462826,0.079661039,0.0705706,0.099829809,-0.166832835,0.165953547,0.040810728,-0.066807245,0.126530524,0.14031442,-0.058722343,0.167074528,0.159553815,0.03079466,0.070942118,0.072063447,0.025194415,-0.105821556,0.102478503,0.159213295,0.097615607,0.008309337,0.087052652,-0.047488528,0.023649135
4/30/2014,0.061499755,-0.099727305,0.000404952,0.162599373,0.012599278,0.117383599,-0.021988096,0.005655406,0.01313549,0.04083599,-0.002649027,0.092543127,-0.004095435,-0.010209362,0.065026725,0.195678307,0.019612924,0.070913749,0.089226135,0.032578963,0.038106185,0.004954707,0.046289139,0.088328967,-0.00472863,0.070783907,0.090400289,0.012725913,-0.013333012,0.122629166,0.01522529,0.087972309,0.073173016,0.104147253,-0.021357466,0.030629877,0.001092894,0.016091684,0.1035788,0.063607794,-0.025618728,0.0919117,0.055629092,0.016295253,0.080952794,0.03935826,-0.145814947,0.040648116,0.033555629,0.050132671,0.044265103,-0.03492554,-0.052206391,0.024732602
5/31/2014,0.037221449,0.107774489,0.036585383,-0.032173027,0.041383416,0.029256042,0.058109883,0.076626024,0.050844883,-0.028837527,0.046019948,0.121569191,-0.032920495,-0.136740552,-0.007235371,-0.024089525,-0.013648889,0.03026293,-0.017204643,0.067084724,-0.131562087,-0.014567076,-0.034247249,-0.157786575,-0.024359941,-0.020141302,-0.066071226,-0.020108152,-0.064526336,-0.003181502,0.008419202,-0.012466964,-0.031438765,-0.027026692,-0.009353169,0.060577516,0.054378099,0.025853759,-0.060846027,-0.200115411,0.048112457,-0.063304548,-0.098000022,0.020245693,0.003289313,-0.121017168,0.176137066,0.036098233,0.000646589,0.01951654,-0.073081808,0.022874948,-0.059733304,0.045570486
6/30/2014,0.006204173,0.037128094,-0.046665719,0.016284117,0.012744178,0.180878066,0.004169004,0.079777472,0.044662144,0.031179267,-0.020726695,0.003496285,0.052341795,0.049601345,0.160682245,0.00220669,0.057219265,0.023097131,0.073329887,0.033047387,0.078596641,0.032903075,0.000216056,0.033647625,0.094234765,0.107268986,0.017480023,-0.032614684,-0.035028776,-0.101942323,0.062326225,0.073318836,0.026593688,-0.137222419,0.007631043,-0.012639082,0.041666442,0.023649255,-0.066666178,0.119698584,0.042833308,-0.050879374,0.022327619,0.002721088,0.061750266,0.015570877,0.073086238,0.04883962,0.04802147,-0.039268061,0.000963047,0.058407145,0.006079296,0.060709872
7/31/2014,-0.087512458,0.063233493,0.030851541,0.005838926,0.053539936,0.086871823,-0.007097092,0.122726479,-0.010524525,0.003129306,0.050109963,0.087993518,0.003638933,0.106311098,0.152438701,0.094702676,0.067444818,0.061350972,-0.030598398,0.006878732,0.029236263,0.021076845,0.050543196,0.098957705,-0.027903933,-0.086616726,0.108998415,0.062878239,-0.005146111,0.06756788,-0.02013099,-0.032172033,-0.009905938,0.223436562,0.034329609,-0.006196927,0.104999658,-0.001793814,0.051882,0.06324341,0.060908444,0.003332291,0.022230113,-0.003294344,-0.032424158,0.007405375,0.062842503,0.008217828,0.037151883,0.022471076,0.112855077,-0.045111186,0.066460002,-0.003145105
8/31/2014,-0.005780612,0.081345992,0.053074585,-0.035343915,-0.020004303,0.150592924,0.103661104,0.008375201,0.080197191,-0.006237793,-0.06046953,0.045309919,0.015311232,-0.112647834,0.058957266,-0.129371694,0.123328079,-2.21E-06,0.039326154,-0.005667524,-0.010925561,-0.022649295,0.036972941,0.194549496,0.051971856,-0.020334726,0.045343693,-0.067927887,-0.09479919,-0.055391387,-0.002178186,0.03743288,0.057713542,0.035789636,0.05283182,0.006621342,0.176468979,-0.046567961,-0.089759888,-0.026872831,-0.041612201,-0.011164095,-0.059873524,0.051368347,0.044149871,-0.00627452,0.01866698,0.050067507,-0.005491245,-0.026337326,-0.06023974,0.022545719,-0.089290906,0.039748482
9/30/2014,-0.076081389,0.010908543,-0.045091163,-0.065839763,0.018068665,-0.044092729,-0.011287144,0.037275934,-0.010605617,0.016734329,-0.027145649,-0.021362287,0.009944411,-0.163170181,-0.080545271,0.153501865,0.0375523,-0.005317245,-0.013616415,0.027461779,-0.235072994,-0.023968111,-0.134274257,-0.11923114,0.100930999,0.02989926,-0.035638544,-0.050477996,-0.096101748,0.031197081,-0.007974591,-0.011440278,0.002563787,-0.055131455,-0.03109131,0.01808198,0.019099902,-0.035483496,-0.036459421,-0.233631779,-0.058247763,-0.065869871,-0.173798887,-0.036742122,0.001834946,-0.087410896,-0.078491568,-0.063572836,-0.053222865,0.015923484,-0.061323223,0.012855443,-0.177908869,0.022691516
10/31/2014,0.005095893,-0.020457653,-0.082742688,0.010420811,0.063480319,0.071938342,0.023832298,0.074506837,0.066615886,0.027778105,-0.088208044,0.055047143,0.085634293,0.033466246,0.137990069,0.201166519,0.117082388,0.122234564,0.061228108,0.051296104,-0.324863068,0.097588465,-0.103801558,-0.176656031,0.175554684,0.042897507,0.093363648,-0.029488107,-0.077126366,0.195549229,-0.084326472,0.05175703,0.075545946,-0.124496897,0.120894585,-0.019535632,0.115385528,0.061996328,0.141530233,-0.2712545,0.121299502,0.111110991,-0.049523945,0.027154099,0.028599258,0.035352032,0.102520039,0.109463677,0.129957233,0.077231309,-0.081532205,0.029462858,-0.051506301,0.060885621
11/30/2014,0.113411545,-0.052101567,-0.112584908,0.028500668,0.168164542,0.173324947,-0.105860467,0.035196804,0.05096806,0.049685611,-0.160414079,0.091452723,0.035139124,-0.064405418,-0.131272909,0.08698934,0.078916342,0.052967719,0.022740672,0.165528516,0.056578875,0.011366788,-0.031653834,0.302745149,0.016673559,0.060334622,-0.002891359,0.176109751,0.004733676,0.048555191,-0.158852036,0.023304104,0.119190383,-0.163082892,0.059919084,0.04077646,-0.010344462,-0.018377837,0.06089811,0.045554908,0.017350265,0.052978169,0.070525545,0.221490978,0.111332958,0.091781863,0.044672444,0.00863338,0.024344582,-0.034083559,-0.012981315,0.022818318,-0.017072661,-0.060869975
12/31/2014,0.01763801,0.021792508,0.057713834,-0.036987451,-0.066835198,0.018773595,0.014852776,0.004711996,-0.043717202,0.059404109,0.022927056,0.042582669,-0.007223787,-0.069109704,0.09305534,0.075065935,-0.04459333,0.017504144,-0.039484159,-0.047712575,0.029459206,0.024818083,-0.070582037,0.103120652,0.014999646,0.02061869,-0.027209378,0.019199102,-0.060617938,0.064584044,-0.066978336,-0.035649887,-0.049127223,-0.03082364,0.017588212,-0.028246007,0.2209059,0.05345152,-0.007489924,0.148247196,-0.033227961,-0.027926287,-0.084241376,0.047354104,-0.000898225,-0.084353301,0.056599732,0.004469159,0.020179287,0.037027122,-0.058996025,-0.034144063,-0.109147893,0.003085226
1/31/2015,-0.081238303,0.137442292,-0.074790148,0.093310948,0.258255742,-0.004284458,-0.087350788,0.127656518,0.003287338,0.065420752,0.023563654,0.035653086,0.065841954,-0.063360633,-0.020588528,0.126470533,0.051674184,0.029858679,0.006667058,0.089386598,0.345032981,0.030040461,0.001834309,0.247564217,0.080321156,0.005891976,0.002337619,0.166388331,-0.000394907,0.037649122,-0.022737791,0.015128076,0.044332249,-0.059067215,0.133398069,0.043668295,0.161529433,0.077642067,0.099026045,0.579823444,0.127107854,0.048137393,0.046551866,0.14334488,0.035011646,-0.055678843,0.120604842,0.065985498,0.092912891,0.063151895,-0.089768818,0.046325751,-0.009748347,0.076307586
2/28/2015,0.079610503,0.020832621,-0.115913547,-0.081869211,-0.013302752,0.176469253,0.02261305,0.017925217,0.076461389,0.038595096,-0.123525738,0.058232729,0.01296912,0.019135839,0.014789205,0.070497138,0.082775684,0.027266094,0.049414672,-0.11842265,-0.041449779,-0.002572846,0.10193748,-0.168556667,-0.056566002,0.125855932,-0.045058773,0.000901021,-0.053331672,0.032059853,0.005959236,0.05140053,0.03893862,0.046277355,-0.008523045,0.025487946,0.497788695,-0.013647267,-0.102218915,-0.158170359,0.034638451,0.097285561,0.040476508,-0.031655646,0.038942633,0.013485382,0.008481635,0.023084297,-0.031068518,-0.004300893,0.121634282,0.010567833,0.038783194,-0.045168584
3/31/2015,-0.061833441,-0.001429174,-0.212766685,-0.063803306,0.09158585,-0.034146434,0.029235987,-0.036110869,0.036640529,0.047297683,-0.279949433,0.015337939,-0.004382866,-0.29079503,0.067501926,0.280509469,0.109331677,0.061829378,-0.024175845,-0.121177918,-0.110050888,-0.048430071,-0.120425747,-0.05064278,-0.072017354,0.130221334,0.000245913,-0.083632922,-0.179612152,0.208975845,-0.027258523,-0.020730116,0.028320326,-0.273847836,0.021105657,-0.044190437,0.036916763,0.101567844,-0.00125132,-0.264438899,-0.031401299,0.020582358,-0.199031037,0.056256353,0.077316,0.037681088,0.092129688,-0.034484366,-0.040108619,0.021759138,-0.134670008,-0.022900794,-0.192221278,-0.026365663
4/30/2015,0.091085497,-0.002657807,-0.039445155,0.154705898,-0.024201141,0.035353812,0.16585649,-0.021806993,0.010493004,-0.027418736,-0.048043806,-0.000718729,-0.011112499,0.026665087,0.084430986,0.07851989,-0.043557949,0.017729494,0.125160687,0.015096087,0.155539368,0.079904398,-0.010084767,0.057677889,-0.057290932,-0.005918789,0.047910913,6.59E-05,0.121878236,0.179867426,0.186717663,0.122488747,0.031385044,0.045551538,-0.001641144,0.048711822,-0.042172509,0.05977567,0.03609866,0.078524861,0.039116213,-0.017447195,0.09958927,0.012189175,0.058335124,0.024782849,0.000551214,-0.004139008,0.05947527,-0.005506849,0.084789977,0.117567622,0.097287701,0.025557855
5/31/2015,-0.012380427,-0.011680823,-0.0060842,-0.000876257,-0.077752388,-0.152193857,-0.099499995,-0.050404878,-0.110431674,-0.081023696,-0.200936138,-0.066233416,-0.075957255,-0.032220919,0.173052083,-0.095250034,-0.071478079,-0.084991197,-0.027500148,-0.093550508,-0.127483785,-0.061453893,-0.136158678,-0.221259908,0.009145171,-0.004367894,-0.161312642,0.004934385,-0.071212023,0.075289101,-0.109085588,-0.023683871,-0.095421607,-0.215296698,-0.0561964,0.021497119,-0.09039537,-0.09450371,-0.053995045,-0.212719947,0.065686313,0.000345382,-0.116767584,-0.025129851,-0.077682723,0.033436927,-0.045952992,-0.061200816,-0.077919121,-0.06725009,-0.044749523,-0.098928082,-0.098617157,-0.009345287
6/30/2015,-0.057650547,-0.105328534,-0.016831974,0.026330267,-0.021537015,-0.077532242,0.062865512,0.053358593,-0.031108344,-0.045793583,-0.327484166,-0.00592201,0.025980651,-0.026065593,0.16079756,-0.042827381,0.051556168,0.02538446,-0.003909818,0.021402649,-0.067997885,0.003319212,0.03476464,-0.078307255,-0.014536171,0.023124155,-0.043229182,-0.008292668,-0.114194071,-0.016222832,0.050909906,-0.010240256,-0.015349089,-0.215623276,0.052176213,-0.026117091,-0.064905026,0.01309107,0.077571395,-0.131473406,0.033543787,-0.012103322,-0.050976171,0.032219862,0.038173027,-0.006434288,0.061595653,0.029940597,0.041257488,0.023821504,-0.070951389,0.069683743,-0.154091338,-0.025159071
7/31/2015,0.106025774,-0.037311642,0.010115837,0.028346361,-0.073796033,-8.75E-05,-0.077595283,0.006787415,0.007236787,0.126347766,0.121735977,0.055120302,0.04761957,-0.280670371,0.241197436,-0.039631977,0.041161803,0.026630989,0.067110571,0.004903888,-0.305425365,0.04404303,-0.138172895,-0.120634867,0.030610034,-0.005455776,-0.055933014,-0.100336629,-0.161877615,-0.026933322,-0.024887317,0.070671499,-0.023216408,0.20329112,0.072002939,0.140956679,0.205882764,-0.049261583,-0.030547823,-0.230273263,0.007201397,-0.001752613,-0.039565359,0.043289039,0.074167952,-0.067357642,-0.065961807,0.023637267,0.017543815,-0.000812163,-0.096271373,0.056670822,-0.157379501,0.032257143
8/31/2015,-0.099142898,0.023351077,-0.033128747,0.058683978,0.04068151,0.032853924,-0.137280303,-0.053767201,-0.045345782,-0.001740221,-0.254263629,-0.013122986,-0.056279557,-0.168063347,-0.043319103,0.036736768,0.135737047,-0.033429591,-0.059518834,0.052373168,0.4021802,-0.065240112,-0.094645288,0.243141228,-0.076840484,0.037744183,-0.032603209,-0.147956798,0.088112729,-0.007169026,-0.031655086,-0.055405147,-0.04550032,-0.318741597,-0.051201746,-0.050553132,0.053746421,-0.040451694,-0.034662662,-0.059999531,0.001914179,0.027235362,0.215739434,-0.039773691,-0.013540575,-0.053333045,-0.028809731,-0.034388951,-0.066760189,0.035724379,-0.056620737,-0.034595822,0.019078208,0.066256443
9/30/2015,0.111115275,-0.000234313,-0.067729589,0.059104657,-0.063843582,0.047874646,0.005818046,-0.191250147,-0.062548403,0.019165139,-0.251560782,-0.089313832,-0.002569451,-0.131059655,-0.032237209,0.037589037,0.035803243,-0.071064087,-0.019182363,0.016644667,0.025282484,-0.046157158,-0.218029378,-0.152689985,-0.141631489,0.068460028,-0.163966454,-0.044363631,-0.22415172,0.123736525,-0.087806371,-0.026352015,-0.12102318,-0.141563365,-0.01867997,0.083884108,-0.002499435,-0.055920509,-0.016889367,-0.234928731,-0.012382683,-0.013194568,-0.284550645,-0.026313999,0.027236805,-0.115024578,0.009592677,-0.003399557,0.006065924,0.038397826,-0.212802208,-0.028201286,-0.221701917,-0.006096957
10/31/2015,0.107898355,0.285881687,-0.067043275,0.009049931,0.007410934,0.092577894,-0.113483915,0.101036961,0.045148963,-0.011965643,-0.050000231,0.08567618,-0.010915324,-0.23668872,0.130392962,0.202453296,0.051632886,0.057110911,0.082950603,0.03888124,0.075255073,0.049113939,0.094671184,0.019696558,0.064801166,-0.002238659,-0.130618263,0.062813158,-0.015614824,0.199640782,0.175447918,0.082894609,0.055065955,-0.037429067,0.125458984,0.079550443,0.046367578,0.066149222,-0.083736334,0.140206545,0.059088891,0.102684002,0.059497936,0.074812127,0.081980032,0.03686932,0.171228692,0.099713148,0.043478405,0.085155923,0.007437637,0.089380346,0.019471371,-0.019628642
11/30/2015,-0.097725058,0.145468732,-0.17652565,-0.022421758,-0.083891664,-0.149795221,-0.080101769,-0.054070316,-0.014401348,-0.052497392,-0.219297213,-0.086526121,-0.048875714,-0.249166267,0.009447364,0.002504762,0.020491484,-0.07422795,0.055565952,0.052233964,-0.224329306,-0.084775027,-0.216981805,0.000543883,0.005792911,0.01861385,0.131077564,0.00530859,-0.163933273,0.015828492,-0.09165512,0.058757979,-0.057367741,-0.301335829,-0.04045376,0.029581268,0.208382481,-0.097894304,-0.014099062,-0.063008077,-0.005071476,0.008108677,-0.17597121,-0.066988818,-0.02540592,-0.022257403,0.063070001,-0.054787819,-0.105349319,-0.047910036,-0.245922401,0.00106776,-0.181354372,0.061952148
12/31/2015,0.037561104,0.042491181,-0.073000944,-0.00234147,-0.059686318,0.040769993,-0.084528022,0.007950051,-0.017208508,-0.080566744,-0.153559285,-0.058333028,-0.037296776,-0.084239642,0.041292308,-0.102399786,-0.07229032,-0.098892232,-0.07846437,-0.050245347,0.163599251,-0.105899945,-0.021331827,0.147363607,-0.010011277,-0.072425206,-0.020498218,-0.134199368,-0.208094609,-0.172559799,0.041830645,-0.081122478,-0.070161443,-0.217391753,-0.082568799,0.033241469,-0.137020036,-0.12584619,0.009086373,0.69197571,-0.018135615,-0.035552121,-0.073301032,0.01382052,-0.078271962,-0.18929834,-0.016168612,-0.055394355,-0.096921893,-0.026197653,-0.214412541,0.043904712,0.003696122,-0.052445965
1/31/2016,-0.077776941,0.104504077,-0.012498804,-0.09999882,0.041108682,-0.005128245,0.049740315,-0.183902536,-0.041955691,-0.020619824,0.061946914,0.008656677,-0.018938526,-0.155824849,-0.014913464,-0.106877303,0.019913405,0.05546467,-0.062922951,-0.060313145,0.272634128,-0.006203689,0.378291412,0.263033669,-0.130798738,-0.028149742,-0.17893558,-0.099100205,0.313097776,-0.185010449,-0.003338515,-0.073485335,0.029091384,0.333330556,-0.002857382,0.001098634,-0.00947349,-0.011367522,0.018218097,0.865382641,-0.066400491,0.075590235,0.248572424,-0.005812024,-0.033471597,0.190489319,-0.058489902,0.022837109,0.003275693,0.111301639,-0.086825,-0.04704284,0.313695218,-0.096393443
2/29/2016,-0.025942138,-0.103495702,0.135443058,-0.036922339,-0.054033941,-0.156560892,-0.040861725,0.009987064,-0.077584089,0.083157651,0.24583105,-0.037798181,0.061429104,1.081368842,-0.062268567,-0.014552484,0.06387745,-0.008720308,0.004093887,0.004742656,0.510464487,-0.02822336,0.189457808,0.229828249,0.045317337,0.110092527,-0.094166639,0.185924879,0.017641085,-0.046447262,0.021866061,0.010980464,0.031360459,0.200000578,0.06444291,-0.01499918,-0.047827609,-0.026912524,0.057379896,0.757393439,-0.121711509,-0.124844399,0.414762546,-0.023875112,-0.112296774,-0.07893688,-0.055710603,-0.038753734,-0.055293619,-0.020423567,0.650153335,0.034908529,0.527680783,0.033035363
3/31/2016,-0.027531843,0.011604938,0.404680864,0.24671305,0.211271327,0.066503756,0.076239733,0.076310958,0.280185116,0.164234838,0.304347541,0.11661217,0.052903672,0.098770913,0.082935338,0.208923864,0.101951908,0.11734903,0.066773977,0.11250623,0.001175041,0.066427541,-0.002770942,-0.105456636,0.138661753,0.14344702,0.20338781,0.197685092,0.404660873,0.154355273,0.033711801,0.055083315,0.095380499,0.083333266,0.050594643,0.025685714,0.111058347,0.213299313,0.136188858,0.0369578,0.109913467,0.177881218,0.105346869,0.113848387,0.073287248,0.161110715,0.093482352,0.037702637,0.099930417,0.043971508,0.111195883,0.067991347,0.089794781,0.092096444
4/30/2016,-0.029235128,-0.056143205,0.17063477,0.051679642,0.079256787,-0.015456968,0.102514773,0.019162311,0.045026866,0.025875158,0.189741943,0.004430406,0.023604646,0.45423791,-0.046885423,0.042981052,0.002655985,-0.054165084,-0.001092524,0.08277222,0.10513365,-0.032178175,0.26038998,0.106588579,0.04778628,-0.081467647,0.143659699,-0.037137711,0.255320465,-0.008728195,0.065581479,0.003125313,-0.049396499,0.294872223,0.069870462,0.012770735,0.050277435,-0.00789002,-0.013764433,-0.050537051,0.021635436,0.082363542,0.136230471,0.069092644,0.047077198,0.088888531,-0.05229403,0.029370498,0.001248229,-0.018668755,0.372057241,0.030959225,0.179627473,0.018458334
5/31/2016,-0.018278397,0.194977077,-0.200001075,-0.032082099,-0.082869627,0.022758778,-0.178184168,0.020296885,-0.098114562,-0.074976704,-0.150863844,-0.09900874,-0.065607059,-0.299818486,0.002196789,0.006647907,-0.0426039,-0.0710374,-0.033517398,-0.013206812,-0.070353523,-0.028006476,-0.302952722,-0.155533495,-0.040181417,0.036758212,-0.154352218,-0.020881307,-0.237285682,-0.044942028,0.027130073,-0.011820157,-0.049431298,-0.133664174,0.035876002,0.112818881,-0.029254474,-0.029049263,-0.036908167,-0.087983638,-0.091801731,-0.115605513,-0.145532051,-0.048979297,-0.055099718,-0.125243309,0.183466666,-0.04890596,0.011436342,0.11517981,-0.118673882,-0.006646599,-0.250846533,-0.014376259
6/30/2016,-0.088042947,-0.071343494,0.008475027,0.018999802,-0.007144128,0.192981513,0.166693859,0.141191825,-0.030049255,0.033788948,-0.109137606,-0.045607846,0.092765988,0.370538528,-0.122682917,1.76E-05,0.012990832,0.055059096,-0.150410689,0.054214801,0.273633497,0.053107764,0.078327209,0.304832385,0.125093341,-0.086304725,-0.074272912,0.053776889,0.048890783,0.033017248,-0.167357886,-0.165599126,0.006220963,-0.041142775,0.146766063,-0.036766715,-0.018082172,0.030561576,0.008551392,0.142638293,0.009854811,-0.087427978,0.045338507,0.010682357,0.019047438,0.031907508,-0.030968734,0.047550771,-0.012811532,0.106069033,0.00937743,0.046408406,0.095497977,0.001268204
7/31/2016,0.000709703,0.031399383,0.083193412,0.092559296,0.100506582,-0.028063279,-0.018472788,0.109818182,0.083498876,0.059185138,0.133901924,0.043742802,0.026090862,0.220812983,-0.108538691,0.034453616,0.024281755,0.083630669,-0.043420458,0.075388313,0.132814755,0.067595749,0.230359921,0.202891792,0.035112552,0.041534763,0.112220708,0.150874036,0.292373239,0.021909071,-0.071580664,-0.057801319,0.022967162,0.013109364,0.012711758,-0.055702157,0.01841499,0.084115052,0.222343207,0.193252495,0.064391509,0.040440425,0.198026946,0.025148389,0.020327005,0.126042877,-0.02688169,0.021755649,0.065308933,0.150046672,0.085179459,-0.041512141,0.072717134,0.063331281
8/31/2016,0.004362496,0.025346854,-0.009309772,-0.058392474,-0.122753613,-0.056195506,-0.125908132,-0.194102438,-0.044647831,-0.080900157,0.404521541,0.021772208,-0.034916632,-0.012251729,-0.058139325,-0.053486182,-0.106944664,-0.093022976,0.026180355,-0.021391399,-0.208985826,0.037788436,-0.093614624,-0.123877284,-0.061333991,0.005126968,-0.10655496,-0.107580031,-0.074426821,-0.051909092,0.003850608,0.046200047,-0.025905879,-0.112943616,-0.025429884,0.044407902,-0.066848566,-0.039046708,-0.072798738,-0.16243521,-0.098289791,-0.146968521,-0.101569072,-0.072822054,-0.041202444,0.010075523,0.103780759,-0.032627683,-0.029904766,-0.047024572,-0.022941327,-0.04971082,-0.115208862,-0.021441115
9/30/2016,0.00752523,-0.019469783,-0.128426391,-0.069344954,0.067249239,-0.005098842,-0.022793861,-0.177371717,0.021126401,0.037204484,0.232556344,0.023745258,0.034144953,-0.074038107,-0.051675298,0.102631369,-0.028475642,0.077831645,-0.017126563,-0.003354685,-0.075236754,0.105503103,0.137357941,-0.102233801,-0.119317409,-0.109614633,0.025857108,-0.077196076,0.23096052,0.069223361,0.041545937,-0.0312145,0.033241147,0.180372648,0.049793237,-0.037446081,-0.016566385,0.082889622,0.031298029,-0.066065921,-0.019975177,-0.044046583,-0.022436896,0.001145308,-0.057077479,0.000839782,-0.010702624,-0.087996915,0.045518055,0.079518589,0.146551607,0.007913847,-0.02926545,0.028887683
10/31/2016,0.042727612,0.056339532,-0.136630483,-0.037767104,-0.005018869,0.028433609,-0.00927969,0.012981272,0.024452498,0.013122934,0.026126159,0.029736003,-0.006717125,0.102793004,-0.189083838,0.073567963,-0.026781478,0.043133394,-0.014461593,0.009835512,-0.185307536,-0.008321467,0.172437288,-0.181941007,-0.04476652,-0.073329247,-0.032920745,-0.015583351,-0.22014514,0.048517565,-0.004204109,0.003581182,0.009376117,0.292134062,-0.012819708,-0.119611956,-0.021068143,0.016988591,0.039763384,-0.152370434,0.010607961,0.006335172,-0.177928442,-0.006347237,0.027958512,0.048875833,-0.048552037,-0.005971787,0.035497792,0.036078397,0.081440913,-0.05637806,0.18368155,0.006152248
11/30/2016,0.049493407,0.110668197,0.218851644,-0.007427184,0.06880461,0.140049087,-0.027243099,-0.056401806,-0.056457233,-0.067850324,0.046674407,-0.097892103,-0.010342164,0.214514143,-0.049558695,-0.05067274,-0.072331507,0.045115291,0.08202156,0.026329879,-0.140104265,0.043082389,-0.026209273,-0.186278704,-0.012938668,-0.081330998,-0.159042978,-0.02019353,-0.184502308,-0.071130087,0.013166144,0.083233514,-0.02786655,-0.113042438,-0.038963739,0.011297684,-0.047411108,0.055501669,-0.060604779,-0.232060478,-0.168735447,-0.018054983,-0.090279439,-0.00785375,-0.033065252,0.224411591,-0.090728539,-0.054421355,0.006077047,-0.02741784,0.143657553,0.022205687,0.101538965,-0.007340712
12/31/2016,-0.004824618,0.079832264,0.024001569,-0.022625574,0.072664458,0.062922016,0.114576439,0.116699504,0.019945108,0.081160286,0.072974298,0.019205367,0.040593247,-0.042167484,0.028298905,0.06875211,0.105409603,0.052870236,0.028767782,0.009488525,-0.017765607,0.035346991,-0.073496298,-0.022643596,-0.021903196,0.09526814,0.173939425,0.101831757,-0.033030472,0.123581409,0.051536343,0.015137285,0.073246772,0.127454021,-0.042368909,-0.003508357,0.058611187,0.004966358,-0.082805421,-0.001266125,0.093793658,0.135545997,-0.085088021,0.071140887,0.027641568,0.102485678,-0.019841411,0.066664685,0.072337821,0.11319285,-0.079714124,0.052993159,-0.082865653,0.020950243
1/31/2017,0.15715399,-0.021311933,-0.027778799,0.072818825,0.031113701,-0.004867524,-0.005546541,0.019492566,0.033226889,-0.004468966,-0.081864227,0.032630038,0.015835135,0.3018883,-0.097762298,0.010086012,0.024910293,-0.055860898,0.044186852,0.037815925,0.113447821,-0.024857926,0.187929551,0.059186995,0.086111482,-0.090908972,0.007541443,0.064601993,0.250351343,0.038019527,0.001530212,0.050686863,0.04705527,0.148693695,0.073587259,0.052709592,0.07578128,-0.051598239,0.043975203,0.072311811,0.044071886,0.016694901,0.328504309,-0.040688814,0.004977459,-0.04635041,0.06144198,0.010579055,-0.058569722,-0.125185106,0.180881355,-0.009185494,0.223348898,0.037414808
2/28/2017,-0.090190037,-0.054983484,0.36517939,0.015945782,0.009889489,-0.07415544,-0.045268946,0.045126074,0.04277525,-0.024237281,-0.006860657,-0.015480043,0.006846033,0.036231914,-0.068099962,0.032750374,0.023366826,-0.009560571,-0.02701649,0.03054456,-0.142915737,0.055079055,0.01504812,-0.128222294,-0.079967481,0.077626827,-0.109624614,0.115555092,-0.175899438,0.108206242,-0.066357424,-0.029680415,-0.004047831,-0.040119846,0.053278228,0.002038687,0.002302132,-0.004933265,0.057265577,-0.056489977,-0.055966225,0.076298255,-0.135990197,-0.062991813,0.068913329,0.051361238,-0.018789802,-0.009362797,-0.043196906,-0.022325168,-0.116237367,-0.018343508,-0.157676889,0.012216163
3/31/2017,0.109810745,0.113924248,0.007196793,-0.042046194,-0.048531421,0.100629121,0.055716058,-0.059412014,-0.005901683,0.012880258,-0.023479081,-0.194968522,0.013028295,-0.05403312,0.062213885,0.050165838,-0.006517055,-0.044625729,-0.008026254,-0.041984502,-0.007144618,-0.014286015,0.092381986,0.179397406,-0.030524919,-0.075285864,0.022221837,-0.07729084,0.026792643,-0.017619679,0.061073563,-0.009940776,-0.044467154,-0.216878271,-0.003113752,0.098225299,-0.024742617,0.033046765,0.031958108,0.047858078,0.017784602,0.025299795,0.008499732,-0.02375325,0.053344778,0.029690976,0.103606803,-0.07706978,-0.081867752,0.006885584,0.002162442,0.025435022,-0.063447885,0.003494204
4/30/2017,0.057630873,0.089651196,-0.090908465,-0.045543551,0.033206902,-0.003330915,0.036885158,-0.017510143,0.097012113,-0.00090799,-0.195191633,0.035546564,-0.010813147,-0.142181181,0.091050043,0.011988153,-0.000172143,0.075281557,0.095014294,0.008739267,0.055428086,-0.040239975,0.002658217,-0.06457195,0.009138566,0.061243278,0.051704161,-0.050964957,-0.050197854,0.024490409,0.049695022,0.082642203,0.018348581,-0.244712124,0.047853438,0.022033905,0.009325074,0.032069766,0.083677754,-0.117807436,0.037048656,-0.00092399,0.078345485,0.033972919,0.039548054,0.009388416,0.096568965,0.086139672,0.097050834,0.036655268,-0.05944724,-0.005196695,-0.111087489,0.04407356
5/31/2017,-0.013556722,-0.027088933,-0.050713011,-0.052443293,-0.132315758,-0.013774038,-0.071147194,-0.045192287,-0.031881122,-0.000167143,-0.070299993,0.016974656,-0.020686025,-0.097723969,-0.04665091,0.021297063,0.032182814,-0.010832253,0.029955957,-0.04938692,-0.017791064,-0.023687401,-0.103530209,0.060571516,0.071310529,0.027900246,0.145253773,-0.100981135,-0.143889366,-0.04367847,-0.04365884,0.037509205,-0.059628797,0.034665315,0.014824896,0.048032728,0.042922984,-0.012267554,-0.003814317,-0.09316974,-0.070346387,-0.134982607,-0.154973145,-0.051393218,-0.042450689,-0.032799087,0.069728527,-0.01865957,-0.054421882,0.071153496,-0.083054753,0.092917148,-0.039052056,-0.031945432
6/30/2017,-0.022059717,-0.09853942,-0.016555801,0.005218293,-0.008810361,-0.125432659,-0.028937028,0.06944363,-0.055806443,-0.002845134,0.105858876,-0.045624583,-0.024312296,0.090160191,-0.255961702,0.065768836,0.012221271,-0.043805114,-0.064469096,-0.032060903,-0.138046261,-0.051427635,-0.089040535,-0.031680047,-0.033333833,-0.042144548,-0.07121926,-0.091926063,0.002176179,0.001834824,-0.0652885,-0.054328688,-0.076642035,-0.317010178,0.034297292,-0.053679498,-0.00828894,-0.017060409,-0.046027003,-0.175039421,-0.085309897,-0.044756925,0.074719514,-0.084138264,-0.001562044,-0.05543667,-0.06280771,-0.019475123,0.034172387,-0.077723499,-0.00261602,0.020782564,0.038299602,0.011196125
7/31/2017,0.036794819,0.002526762,0.059679916,0.074562926,0.135041131,0.056863652,0.038476245,0.109808054,0.023921744,0.023766109,-0.11111202,-0.031318215,0.012252983,0.147715727,0.039492335,0.035891458,0.076392709,0.099893693,0.044727951,0.085891565,0.039844336,0.049234815,0.171183532,0.179165906,-0.037758123,-0.015660391,0.003151298,0.048814524,-0.044506106,0.077665451,0.083246212,0.046378462,0.020253438,-0.050943901,0.0661444,-0.076365128,0.100866401,0.136699009,0.011533327,0.081179178,0.021899988,0.057344378,0.07652894,0.071635147,0.096859522,0.089980352,0.142830255,0.001359061,0.005916034,0.064158532,0.234903323,0.084005185,0.112442865,0.027391279
8/31/2017,0.032189202,0.001031071,0.101082309,0.00898956,0.010416997,-0.035204019,0.112929277,0.046900507,0.082138057,-0.010214223,-0.288461576,-0.01792341,0.014931036,0.181134456,-0.073901547,0.047350667,-0.023176602,0.070768171,0.005278918,0.008761558,-0.010820692,0.003651266,0.201524967,0.094752703,0.04941058,-0.047576551,-0.011518551,0.09950128,0.141720814,-0.023350963,-0.012923791,-0.008335569,0.007747073,-0.009940449,-0.003081764,-0.010110536,0.031675561,0.022598296,0.117563177,0.102387802,-0.058094383,0.098278905,0.092380522,0.023615621,0.073335476,0.083563617,0.011162594,0.016842263,0.026140618,0.022422222,0.116454311,0.01976854,0.171766765,-0.005104066
,,,,,,,,,,,,,,,,,,,,,,,,,,,,,,,,,,,,,,,,,,,,,,,,,,,,,,
Performance,1.905257794,1.181985938,-0.411925479,0.815477405,1.59022023,1.123532742,0.746101731,2.219361322,1.620427823,1.13714336,-1.550694995,0.946508037,1.202859597,1.220002478,1.547429792,2.994811422,2.159669902,1.772639343,1.089151805,1.274568022,0.089066089,1.025199942,1.026116837,0.400702454,1.643848344,1.524301682,0.772573929,0.796677682,-0.887435727,2.90256314,0.74494358,1.127630323,1.09607736,-2.059856162,2.094788783,1.653961599,3.826263358,0.96921987,1.644076467,0.404735139,1.771524964,1.242041457,-0.210428781,1.287967036,1.836380251,1.612961471,2.620437295,1.222822961,0.732137326,1.811660654,0.506689802,1.781121305,0.343798835,1.250720955
STDDEV,0.076066811,0.077052691,0.103406053,0.063875254,0.081326723,0.08566995,0.069553903,0.079683402,0.058364925,0.047899363,0.123068844,0.055344391,0.046851744,0.168622654,0.087616905,0.082347793,0.05196506,0.058017598,0.060094919,0.056993874,0.142153,0.052422777,0.109544432,0.123869662,0.067699492,0.066182529,0.077155843,0.080309277,0.121315068,0.083828248,0.062838341,0.060257497,0.057720915,0.138211344,0.059913257,0.04909249,0.089766124,0.057474955,0.070111726,0.193684673,0.071591356,0.076083439,0.111391921,0.055940618,0.050015419,0.083816632,0.078847765,0.046174986,0.058014823,0.051367021,0.122136044,0.055202001,0.115632265,0.03523349
